raw_score,label
0.396595,1.0
0.415098,1.0
