raw_score,label
0.415098,1.0
0.594328,0.0
